record.timestamp[s],record.position_lat[semicircles],record.position_long[semicircles],record.distance[m],record.altitude[m],record.speed[m/s],record.unknown,record.heart_rate[bpm],record.cadence[rpm],record.fractional_cadence[rpm]
908739387,0,0,0.0,1098.0,0.0,100,114,61,0.5
908739388,0,0,0.0,1098.0,0.0,100,114,0,0.0
908739389,0,0,0.0,1098.0,0.0,100,114,0,0.0
908739390,0,0,0.0,1098.0,0.0,100,114,0,0.0
908739391,0,0,0.0,1098.0,0.0,100,114,0,0.0
908739392,0,0,0.0,1098.0,0.0,100,114,0,0.0
908739393,0,0,0.0,1098.0,0.0,100,114,0,0.0
908739394,0,0,2.45,1098.0,2.454,100,114,87,0.5
908739395,0,0,5.1,1098.0,2.65,100,114,87,0.5
908739396,0,0,7.79,1098.0,2.687,100,114,87,0.5
908739397,0,0,10.56,1098.0,2.7710000000000004,100,114,87,0.5
908739398,0,0,13.38,1098.0,2.818,100,114,87,0.5
908739399,0,0,16.15,1098.0,2.7710000000000004,100,114,87,0.5
908739400,0,0,19.03,1098.0,2.8739999999999997,100,114,88,0.5
908739401,0,0,21.9,1098.0,2.8739999999999997,100,114,88,0.5
908739402,0,0,24.66,1098.0,2.762,100,115,87,0.5
908739403,0,0,27.26,1098.0,2.603,100,115,87,0.5
908739404,0,0,29.85,1098.0,2.585,100,115,88,0.5
908739405,0,0,32.45,1098.0,2.594,100,115,89,0.5
908739406,0,0,35.06,1098.0,2.613,100,115,89,0.5
908739407,0,0,37.68,1098.0,2.622,100,117,89,0.5
908739408,0,0,40.31,1098.0,2.6310000000000002,100,117,89,0.5
908739409,0,0,42.87,1098.0,2.5660000000000003,100,121,89,0.5
908739410,0,0,45.38,1098.0,2.501,100,121,88,0.5
908739411,0,0,47.89,1098.0,2.519,100,127,88,0.5
908739412,0,0,50.47,1098.0,2.575,100,130,89,0.5
908739413,0,0,53.08,1098.0,2.603,100,132,89,0.5
908739414,0,0,55.69,1098.0,2.622,100,132,89,0.5
908739415,0,0,58.32,1098.0,2.622,100,137,89,0.5
908739416,0,0,60.95,1098.0,2.6310000000000002,100,137,89,0.5
908739417,0,0,63.58,1098.0,2.6310000000000002,100,139,89,0.5
908739418,0,0,66.22,1098.0,2.641,100,142,89,0.5
908739419,0,0,68.87,1098.0,2.65,100,143,89,0.5
908739420,0,0,71.54,1098.0,2.6689999999999996,100,143,89,0.5
908739421,0,0,74.22,1098.0,2.678,100,145,89,0.5
908739422,0,0,76.89,1098.0,2.678,100,146,88,0.5
908739423,0,0,79.57,1098.0,2.678,100,146,88,0.5
908739424,0,0,82.27,1098.0,2.697,100,147,88,0.5
908739425,0,0,85.0,1098.0,2.734,100,148,88,0.5
908739426,0,0,87.76,1098.0,2.753,100,149,88,0.5
908739427,0,0,90.54,1098.0,2.781,100,149,88,0.5
908739428,0,0,93.3,1098.0,2.762,100,150,88,0.5
908739429,0,0,96.08,1098.0,2.781,100,150,88,0.5
908739430,0,0,98.85,1098.0,2.7710000000000004,100,151,88,0.5
908739431,0,0,101.65,1098.0,2.799,100,151,88,0.5
908739432,0,0,104.46,1098.0,2.8089999999999997,100,151,88,0.5
908739433,0,0,107.31,1098.0,2.846,100,152,89,0.5
908739434,0,0,110.17,1098.0,2.865,100,152,89,0.5
908739435,0,0,113.04,1098.0,2.8739999999999997,100,153,89,0.5
908739436,0,0,115.91,1098.0,2.865,100,153,89,0.5
908739437,0,0,118.77,1098.0,2.865,100,153,89,0.5
908739438,0,0,121.63,1098.0,2.855,100,153,89,0.5
908739439,0,0,124.47,1098.0,2.846,100,153,88,0.5
908739440,0,0,127.31,1098.0,2.8369999999999997,100,154,88,0.5
908739441,0,0,130.13,1098.0,2.818,100,154,88,0.5
908739442,0,0,132.94,1098.0,2.818,100,154,88,0.5
908739443,0,0,135.75,1098.0,2.8089999999999997,100,154,88,0.5
908739444,0,0,138.55,1098.0,2.799,100,154,88,0.5
908739445,0,0,141.35,1098.0,2.799,100,154,88,0.5
908739446,0,0,144.15,1098.0,2.799,100,154,88,0.5
908739447,0,0,146.93,1098.0,2.781,100,154,88,0.5
908739448,0,0,149.71,1098.0,2.7710000000000004,100,154,89,0.5
908739449,0,0,152.47,1098.0,2.762,100,155,89,0.5
908739450,0,0,155.22,1098.0,2.753,100,155,89,0.5
908739451,0,0,157.95,1098.0,2.734,100,155,89,0.5
908739452,0,0,160.66,1098.0,2.7060000000000004,100,155,89,0.5
908739453,0,0,163.35,1098.0,2.697,100,155,88,0.5
908739454,0,0,166.05,1098.0,2.697,100,155,88,0.5
908739455,0,0,168.74,1098.0,2.687,100,155,88,0.5
908739456,0,0,171.41,1098.0,2.678,100,155,88,0.5
908739457,0,0,174.1,1098.0,2.687,100,155,88,0.5
908739458,0,0,176.79,1098.0,2.687,100,155,88,0.5
908739459,0,0,179.49,1098.0,2.697,100,155,88,0.5
908739460,0,0,182.22,1098.0,2.734,100,155,89,0.5
908739461,0,0,184.98,1098.0,2.762,100,155,89,0.5
908739462,0,0,187.76,1098.0,2.781,100,155,89,0.5
908739463,0,0,190.56,1098.0,2.799,100,155,88,0.5
908739464,0,0,193.35,1098.0,2.79,100,155,87,0.5
908739465,0,0,196.14,1098.0,2.79,100,155,88,0.5
908739466,0,0,198.97,1098.0,2.827,100,155,88,0.5
908739467,0,0,201.8,1098.0,2.8369999999999997,100,155,88,0.5
908739468,0,0,204.66,1098.0,2.855,100,155,89,0.5
908739469,0,0,207.52,1098.0,2.865,100,155,89,0.5
908739470,0,0,210.39,1098.0,2.865,100,155,89,0.5
908739471,0,0,213.22,1098.0,2.8369999999999997,100,155,89,0.5
908739472,0,0,216.06,1098.0,2.827,100,155,89,0.5
908739473,0,0,218.87,1098.0,2.818,100,155,89,0.5
908739474,0,0,221.7,1098.0,2.827,100,155,90,0.5
908739475,0,0,224.53,1098.0,2.8369999999999997,100,155,90,0.5
908739476,0,0,227.37,1098.0,2.8369999999999997,100,155,89,0.5
908739477,0,0,230.21,1098.0,2.8369999999999997,100,155,89,0.5
908739478,0,0,233.04,1098.0,2.8369999999999997,100,155,89,0.5
908739479,0,0,235.88,1098.0,2.8369999999999997,100,155,90,0.5
908739480,0,0,238.7,1098.0,2.818,100,155,90,0.5
908739481,0,0,241.51,1098.0,2.8089999999999997,100,155,90,0.5
908739482,0,0,244.31,1098.0,2.799,100,155,89,0.5
908739483,0,0,247.1,1098.0,2.79,100,155,88,0.5
908739484,0,0,249.89,1098.0,2.79,100,155,88,0.5
908739485,0,0,252.68,1098.0,2.79,100,155,88,0.5
908739486,0,0,255.47,1098.0,2.799,100,155,88,0.5
908739487,0,0,258.27,1098.0,2.799,100,155,88,0.5
908739488,0,0,261.07,1098.0,2.799,100,155,88,0.5
908739489,0,0,263.86,1098.0,2.79,100,155,88,0.5
908739490,0,0,266.65,1098.0,2.79,100,155,88,0.5
908739491,0,0,269.43,1098.0,2.781,100,155,88,0.5
908739492,0,0,272.2,1098.0,2.7710000000000004,100,155,89,0.5
908739493,0,0,274.98,1098.0,2.7710000000000004,100,155,89,0.5
908739494,0,0,277.76,1098.0,2.781,100,155,89,0.5
908739495,0,0,280.54,1098.0,2.781,100,155,88,0.5
908739496,0,0,283.32,1098.0,2.781,100,155,88,0.5
908739497,0,0,286.11,1098.0,2.79,100,155,88,0.5
908739498,0,0,288.91,1098.0,2.799,100,155,88,0.5
908739499,0,0,291.71,1098.0,2.8089999999999997,100,155,88,0.5
908739500,0,0,294.52,1098.0,2.8089999999999997,100,155,87,0.5
908739501,0,0,297.33,1098.0,2.8089999999999997,100,155,87,0.5
908739502,0,0,300.14,1098.0,2.8089999999999997,100,155,87,0.5
908739503,0,0,302.92,1098.0,2.781,100,155,87,0.5
908739504,0,0,305.66,1098.0,2.7430000000000003,100,155,87,0.5
908739505,0,0,308.31,1098.0,2.65,100,155,87,0.5
908739506,0,0,310.95,1098.0,2.6310000000000002,100,155,88,0.5
908739507,0,0,313.57,1098.0,2.622,100,155,88,0.5
908739508,0,0,316.2,1098.0,2.6310000000000002,100,155,89,0.5
908739509,0,0,318.82,1098.0,2.622,100,155,89,0.5
908739510,0,0,321.37,1098.0,2.5469999999999997,100,155,89,0.5
908739511,0,0,323.88,1098.0,2.51,100,155,89,0.5
908739512,0,0,326.34,1098.0,2.463,100,155,88,0.5
908739513,0,0,328.83,1098.0,2.491,100,155,88,0.5
908739514,0,0,331.31,1098.0,2.4819999999999998,100,155,89,0.5
908739515,0,0,333.82,1098.0,2.51,100,155,89,0.5
908739516,0,0,336.36,1098.0,2.5380000000000003,100,155,89,0.5
908739517,0,0,338.92,1098.0,2.557,100,155,89,0.5
908739518,0,0,341.48,1098.0,2.5660000000000003,100,155,88,0.5
908739519,0,0,344.06,1098.0,2.575,100,155,88,0.5
908739520,0,0,346.65,1098.0,2.585,100,155,88,0.5
908739521,0,0,349.24,1098.0,2.594,100,155,88,0.5
908739522,0,0,351.84,1098.0,2.603,100,155,88,0.5
908739523,0,0,354.45,1098.0,2.613,100,155,88,0.5
908739524,0,0,357.08,1098.0,2.622,100,155,89,0.5
908739525,0,0,359.72,1098.0,2.641,100,155,89,0.5
908739526,0,0,362.36,1098.0,2.641,100,155,89,0.5
908739527,0,0,365.02,1098.0,2.659,100,155,89,0.5
908739528,0,0,367.68,1098.0,2.659,100,155,89,0.5
908739529,0,0,370.34,1098.0,2.6689999999999996,100,155,89,0.5
908739530,0,0,373.01,1098.0,2.6689999999999996,100,155,89,0.5
908739531,0,0,375.69,1098.0,2.678,100,156,89,0.5
908739532,0,0,378.38,1098.0,2.687,100,156,89,0.5
908739533,0,0,381.07,1098.0,2.687,100,156,89,0.5
908739534,0,0,383.74,1098.0,2.678,100,156,88,0.5
908739535,0,0,386.45,1098.0,2.7060000000000004,100,156,88,0.5
908739536,0,0,389.18,1098.0,2.734,100,156,88,0.5
908739537,0,0,391.93,1098.0,2.7430000000000003,100,156,87,0.5
908739538,0,0,394.7,1098.0,2.7710000000000004,100,156,87,0.5
908739539,0,0,397.5,1098.0,2.799,100,156,87,0.5
908739540,0,0,400.33,1098.0,2.8369999999999997,100,156,88,0.5
908739541,0,0,403.2,1098.0,2.865,100,156,88,0.5
908739542,0,0,406.08,1098.0,2.883,100,156,88,0.5
908739543,0,0,408.96,1098.0,2.883,100,156,88,0.5
908739544,0,0,411.82,1098.0,2.855,100,156,88,0.5
908739545,0,0,414.66,1098.0,2.8369999999999997,100,156,88,0.5
908739546,0,0,417.5,1098.0,2.846,100,156,89,0.5
908739547,0,0,420.36,1098.0,2.855,100,156,89,0.5
908739548,0,0,423.2,1098.0,2.846,100,156,89,0.5
908739549,0,0,426.04,1098.0,2.8369999999999997,100,156,89,0.5
908739550,0,0,428.89,1098.0,2.846,100,156,89,0.5
908739551,0,0,431.74,1098.0,2.855,100,156,89,0.5
908739552,0,0,434.6,1098.0,2.855,100,156,89,0.5
908739553,0,0,437.45,1098.0,2.855,100,156,89,0.5
908739554,0,0,440.31,1098.0,2.855,100,156,89,0.5
908739555,0,0,443.17,1098.0,2.865,100,156,89,0.5
908739556,0,0,446.04,1098.0,2.865,100,156,90,0.5
908739557,0,0,448.9,1098.0,2.865,100,156,90,0.5
908739558,0,0,451.76,1098.0,2.865,100,156,90,0.5
908739559,0,0,454.63,1098.0,2.865,100,156,90,0.5
908739560,0,0,457.51,1098.0,2.8739999999999997,100,156,90,0.5
908739561,0,0,460.37,1098.0,2.865,100,156,90,0.5
908739562,0,0,463.23,1098.0,2.865,100,156,90,0.5
908739563,0,0,466.08,1098.0,2.846,100,156,90,0.5
908739564,0,0,468.92,1098.0,2.846,100,156,89,0.5
908739565,0,0,471.78,1098.0,2.855,100,156,89,0.5
908739566,0,0,474.63,1098.0,2.855,100,156,89,0.5
908739567,0,0,477.49,1098.0,2.855,100,156,89,0.5
908739568,0,0,480.34,1098.0,2.855,100,156,89,0.5
908739569,0,0,483.2,1098.0,2.855,100,156,89,0.5
908739570,0,0,486.06,1098.0,2.855,100,156,89,0.5
908739571,0,0,488.91,1098.0,2.855,100,156,89,0.5
908739572,0,0,491.77,1098.0,2.865,100,156,89,0.5
908739573,0,0,494.65,1098.0,2.8739999999999997,100,156,89,0.5
908739574,0,0,497.52,1098.0,2.8739999999999997,100,156,89,0.5
908739575,0,0,500.4,1098.0,2.883,100,156,89,0.5
908739576,0,0,503.29,1098.0,2.883,100,156,89,0.5
908739577,0,0,506.28,1098.0,2.995,100,156,89,0.5
908739578,0,0,509.27,1098.0,2.986,100,156,89,0.5
908739579,0,0,512.25,1098.0,2.9760000000000004,100,156,89,0.5
908739580,0,0,515.19,1098.0,2.948,100,156,89,0.5
908739581,0,0,518.13,1098.0,2.9389999999999996,100,156,89,0.5
908739582,0,0,521.06,1098.0,2.93,100,156,89,0.5
908739583,0,0,523.98,1098.0,2.9210000000000003,100,156,89,0.5
908739584,0,0,526.89,1098.0,2.911,100,156,89,0.5
908739585,0,0,529.78,1098.0,2.883,100,156,89,0.5
908739586,0,0,532.63,1098.0,2.855,100,156,89,0.5
908739587,0,0,535.49,1098.0,2.855,100,156,89,0.5
908739588,0,0,538.34,1098.0,2.855,100,156,89,0.5
908739589,0,0,541.2,1098.0,2.855,100,156,89,0.5
908739590,0,0,544.03,1098.0,2.827,100,156,89,0.5
908739591,0,0,546.81,1098.0,2.781,100,156,89,0.5
908739592,0,0,549.55,1098.0,2.7430000000000003,100,156,89,0.5
908739593,0,0,552.29,1098.0,2.7430000000000003,100,156,90,0.5
908739594,0,0,555.08,1098.0,2.781,100,156,91,0.5
908739595,0,0,557.87,1098.0,2.799,100,156,91,0.5
908739596,0,0,560.69,1098.0,2.818,100,156,90,0.5
908739597,0,0,563.52,1098.0,2.827,100,156,90,0.5
908739598,0,0,566.36,1098.0,2.846,100,156,90,0.5
908739599,0,0,569.21,1098.0,2.846,100,156,90,0.5
908739600,0,0,572.06,1098.0,2.846,100,156,89,0.5
908739601,0,0,574.92,1098.0,2.865,100,156,89,0.5
908739602,0,0,577.78,1098.0,2.865,100,156,89,0.5
908739603,0,0,580.66,1098.0,2.8739999999999997,100,156,89,0.5
908739604,0,0,583.53,1098.0,2.8739999999999997,100,156,88,0.5
908739605,0,0,586.41,1098.0,2.883,100,156,88,0.5
908739606,0,0,589.31,1098.0,2.8930000000000002,100,156,88,0.5
908739607,0,0,592.32,1098.0,3.014,100,156,88,0.5
908739608,0,0,595.32,1098.0,2.995,100,156,88,0.5
908739609,0,0,598.29,1098.0,2.9760000000000004,100,156,88,0.5
908739610,0,0,601.25,1098.0,2.958,100,156,88,0.5
908739611,0,0,604.32,1098.0,3.07,100,156,88,0.5
908739612,0,0,607.35,1098.0,3.032,100,156,88,0.5
908739613,0,0,610.37,1098.0,3.014,100,156,89,0.5
908739614,0,0,613.46,1098.0,3.088,100,156,89,0.5
908739615,0,0,616.57,1098.0,3.116,100,156,89,0.5
908739616,0,0,619.73,1098.0,3.154,100,156,89,0.5
908739617,0,0,622.92,1098.0,3.1910000000000003,100,156,89,0.5
908739618,0,0,626.07,1098.0,3.154,100,156,89,0.5
908739619,0,0,629.2,1098.0,3.1260000000000003,100,156,89,0.5
908739620,0,0,632.29,1098.0,3.0980000000000003,100,156,89,0.5
908739621,0,0,635.38,1098.0,3.088,100,156,89,0.5
908739622,0,0,638.46,1098.0,3.0789999999999997,100,156,89,0.5
908739623,0,0,641.58,1098.0,3.116,100,156,89,0.5
908739624,0,0,644.67,1098.0,3.088,100,156,89,0.5
908739625,0,0,647.71,1098.0,3.042,100,157,89,0.5
908739626,0,0,650.71,1098.0,3.0039999999999996,100,157,89,0.5
908739627,0,0,653.67,1098.0,2.958,100,157,89,0.5
908739628,0,0,656.56,1098.0,2.8930000000000002,100,157,89,0.5
908739629,0,0,659.41,1098.0,2.846,100,157,89,0.5
908739630,0,0,662.25,1098.0,2.8369999999999997,100,157,89,0.5
908739631,0,0,665.1,1098.0,2.846,100,157,89,0.5
908739632,0,0,667.95,1098.0,2.855,100,157,89,0.5
908739633,0,0,670.8,1098.0,2.855,100,157,90,0.5
908739634,0,0,673.68,1098.0,2.8739999999999997,100,157,90,0.5
908739635,0,0,676.55,1098.0,2.8739999999999997,100,157,90,0.5
908739636,0,0,679.43,1098.0,2.8739999999999997,100,157,90,0.5
908739637,0,0,682.31,1098.0,2.883,100,157,90,0.5
908739638,0,0,685.18,1098.0,2.8739999999999997,100,157,89,0.5
908739639,0,0,688.04,1098.0,2.865,100,157,89,0.5
908739640,0,0,690.89,1098.0,2.846,100,157,89,0.5
908739641,0,0,693.72,1098.0,2.827,100,157,89,0.5
908739642,0,0,696.55,1098.0,2.827,100,157,89,0.5
908739643,0,0,699.38,1098.0,2.8369999999999997,100,157,89,0.5
908739644,0,0,702.22,1098.0,2.8369999999999997,100,157,88,0.5
908739645,0,0,705.04,1098.0,2.818,100,157,88,0.5
908739646,0,0,707.84,1098.0,2.799,100,157,88,0.5
908739647,0,0,710.63,1098.0,2.799,100,157,88,0.5
908739648,0,0,713.44,1098.0,2.8089999999999997,100,157,88,0.5
908739649,0,0,716.26,1098.0,2.818,100,157,89,0.5
908739650,0,0,719.09,1098.0,2.827,100,157,89,0.5
908739651,0,0,721.92,1098.0,2.8369999999999997,100,157,89,0.5
908739652,0,0,724.76,1098.0,2.8369999999999997,100,157,89,0.5
908739653,0,0,727.59,1098.0,2.827,100,157,90,0.5
908739654,0,0,730.42,1098.0,2.8369999999999997,100,157,90,0.5
908739655,0,0,733.25,1098.0,2.827,100,157,89,0.5
908739656,0,0,736.1,1098.0,2.846,100,157,89,0.5
908739657,0,0,738.94,1098.0,2.846,100,157,89,0.5
908739658,0,0,741.79,1098.0,2.846,100,157,89,0.5
908739659,0,0,744.64,1098.0,2.846,100,157,89,0.5
908739660,0,0,747.48,1098.0,2.846,100,157,89,0.5
908739661,0,0,750.34,1098.0,2.855,100,157,89,0.5
908739662,0,0,753.18,1098.0,2.846,100,157,88,0.5
908739663,0,0,756.03,1098.0,2.846,100,157,88,0.5
908739664,0,0,758.87,1098.0,2.846,100,157,88,0.5
908739665,0,0,761.71,1098.0,2.8369999999999997,100,157,88,0.5
908739666,0,0,764.56,1098.0,2.846,100,157,89,0.5
908739667,0,0,767.41,1098.0,2.855,100,157,89,0.5
908739668,0,0,770.27,1098.0,2.855,100,157,89,0.5
908739669,0,0,773.12,1098.0,2.855,100,157,89,0.5
908739670,0,0,775.98,1098.0,2.855,100,157,89,0.5
908739671,0,0,778.83,1098.0,2.855,100,157,89,0.5
908739672,0,0,781.69,1098.0,2.855,100,157,89,0.5
908739673,0,0,784.53,1098.0,2.846,100,157,88,0.5
908739674,0,0,787.38,1098.0,2.846,100,157,88,0.5
908739675,0,0,790.23,1098.0,2.846,100,157,88,0.5
908739676,0,0,793.07,1098.0,2.846,100,157,88,0.5
908739677,0,0,795.93,1098.0,2.855,100,157,89,0.5
908739678,0,0,798.79,1098.0,2.865,100,157,89,0.5
908739679,0,0,801.66,1098.0,2.865,100,157,89,0.5
908739680,0,0,804.52,1098.0,2.865,100,157,89,0.5
908739681,0,0,807.38,1098.0,2.865,100,157,88,0.5
908739682,0,0,810.25,1098.0,2.865,100,157,88,0.5
908739683,0,0,813.1,1098.0,2.855,100,157,88,0.5
908739684,0,0,815.96,1098.0,2.855,100,157,89,0.5
908739685,0,0,818.81,1098.0,2.855,100,157,89,0.5
908739686,0,0,821.67,1098.0,2.855,100,157,88,0.5
908739687,0,0,824.52,1098.0,2.855,100,157,88,0.5
908739688,0,0,827.38,1098.0,2.855,100,157,88,0.5
908739689,0,0,830.23,1098.0,2.846,100,157,88,0.5
908739690,0,0,833.07,1098.0,2.846,100,157,88,0.5
908739691,0,0,835.91,1098.0,2.8369999999999997,100,157,88,0.5
908739692,0,0,838.75,1098.0,2.846,100,157,89,0.5
908739693,0,0,841.61,1098.0,2.855,100,157,89,0.5
908739694,0,0,844.46,1098.0,2.855,100,157,88,0.5
908739695,0,0,847.31,1098.0,2.846,100,157,88,0.5
908739696,0,0,850.02,1098.0,2.7060000000000004,100,157,89,0.5
908739697,0,0,852.6,1098.0,2.585,100,157,89,0.5
908739698,0,0,855.13,1098.0,2.529,100,157,89,0.5
908739699,0,0,857.73,1098.0,2.603,100,157,89,0.5
908739700,0,0,860.41,1098.0,2.678,100,157,89,0.5
908739701,0,0,863.12,1098.0,2.7060000000000004,100,157,89,0.5
908739702,0,0,865.86,1098.0,2.7430000000000003,100,157,89,0.5
908739703,0,0,868.71,1098.0,2.846,100,157,89,0.5
908739704,0,0,871.64,1098.0,2.9389999999999996,100,157,88,0.5
908739705,0,0,874.58,1098.0,2.9389999999999996,100,157,88,0.5
908739706,0,0,877.5,1098.0,2.9210000000000003,100,157,88,0.5
908739707,0,0,880.66,1098.0,3.154,100,157,88,0.5
908739708,0,0,883.89,1098.0,3.228,100,157,88,0.5
908739709,0,0,887.09,1098.0,3.2,100,157,88,0.5
908739710,0,0,890.32,1098.0,3.228,100,157,88,0.5
908739711,0,0,893.52,1098.0,3.2,100,157,88,0.5
908739712,0,0,896.73,1098.0,3.21,100,157,89,0.5
908739713,0,0,900.1,1098.0,3.3680000000000003,100,157,89,0.5
908739714,0,0,903.45,1098.0,3.359,100,157,89,0.5
908739715,0,0,906.78,1098.0,3.3310000000000004,100,157,89,0.5
908739716,0,0,910.11,1098.0,3.322,100,158,90,0.5
908739717,0,0,913.42,1098.0,3.312,100,158,90,0.5
908739718,0,0,916.74,1098.0,3.322,100,158,89,0.5
908739719,0,0,920.08,1098.0,3.34,100,158,89,0.5
908739720,0,0,923.44,1098.0,3.359,100,158,89,0.5
908739721,0,0,926.81,1098.0,3.3680000000000003,100,158,89,0.5
908739722,0,0,930.2,1098.0,3.3960000000000004,100,158,90,0.5
908739723,0,0,933.52,1098.0,3.312,100,158,90,0.5
908739724,0,0,936.75,1098.0,3.238,100,158,89,0.5
908739725,0,0,939.92,1098.0,3.1630000000000003,100,158,89,0.5
908739726,0,0,943.02,1098.0,3.0980000000000003,100,158,89,0.5
908739727,0,0,946.07,1098.0,3.051,100,158,89,0.5
908739728,0,0,949.09,1098.0,3.023,100,158,89,0.5
908739729,0,0,952.09,1098.0,3.0039999999999996,100,158,89,0.5
908739730,0,0,955.09,1098.0,2.995,100,158,89,0.5
908739731,0,0,958.07,1098.0,2.986,100,158,89,0.5
908739732,0,0,961.06,1098.0,2.986,100,158,89,0.5
908739733,0,0,964.04,1098.0,2.9760000000000004,100,158,89,0.5
908739734,0,0,967.01,1098.0,2.9760000000000004,100,158,89,0.5
908739735,0,0,969.98,1098.0,2.967,100,158,89,0.5
908739736,0,0,972.96,1098.0,2.967,100,158,89,0.5
908739737,0,0,975.91,1098.0,2.958,100,158,89,0.5
908739738,0,0,978.85,1098.0,2.948,100,158,89,0.5
908739739,0,0,981.8,1098.0,2.9389999999999996,100,158,89,0.5
908739740,0,0,984.71,1098.0,2.9210000000000003,100,158,89,0.5
908739741,0,0,987.61,1098.0,2.8930000000000002,100,158,89,0.5
908739742,0,0,990.48,1098.0,2.8739999999999997,100,158,88,0.5
908739743,0,0,993.35,1098.0,2.8739999999999997,100,158,88,0.5
908739744,0,0,996.23,1098.0,2.8739999999999997,100,158,88,0.5
908739745,0,0,999.11,1098.0,2.883,100,158,89,0.5
908739746,0,0,1002.0,1098.0,2.8930000000000002,100,158,89,0.5
908739747,0,0,1004.96,1098.0,2.958,100,158,89,0.5
908739748,0,0,1007.99,1098.0,3.032,100,158,89,0.5
908739749,0,0,1011.09,1098.0,3.0980000000000003,100,158,89,0.5
908739750,0,0,1014.26,1098.0,3.1630000000000003,100,158,89,0.5
908739751,0,0,1017.44,1098.0,3.182,100,158,89,0.5
908739752,0,0,1020.89,1098.0,3.452,100,158,89,0.5
908739753,0,0,1024.24,1098.0,3.35,100,158,88,0.5
908739754,0,0,1027.55,1098.0,3.312,100,158,88,0.5
908739755,0,0,1030.85,1098.0,3.303,100,158,88,0.5
908739756,0,0,1034.16,1098.0,3.303,100,158,88,0.5
908739757,0,0,1037.48,1098.0,3.322,100,158,89,0.5
908739758,0,0,1040.81,1098.0,3.3310000000000004,100,158,89,0.5
908739759,0,0,1044.23,1098.0,3.415,100,158,88,0.5
908739760,0,0,1047.72,1098.0,3.49,100,158,88,0.5
908739761,0,0,1051.26,1098.0,3.5460000000000003,100,158,88,0.5
908739762,0,0,1054.76,1098.0,3.4989999999999997,100,158,88,0.5
908739763,0,0,1058.3,1098.0,3.536,100,158,89,0.5
908739764,0,0,1061.88,1098.0,3.583,100,158,89,0.5
908739765,0,0,1065.42,1098.0,3.536,100,158,89,0.5
908739766,0,0,1068.93,1098.0,3.5180000000000002,100,158,89,0.5
908739767,0,0,1072.39,1098.0,3.452,100,158,89,0.5
908739768,0,0,1075.84,1098.0,3.452,100,158,89,0.5
908739769,0,0,1079.29,1098.0,3.452,100,158,89,0.5
908739770,0,0,1082.72,1098.0,3.4339999999999997,100,158,89,0.5
908739771,0,0,1086.14,1098.0,3.415,100,158,89,0.5
908739772,0,0,1089.53,1098.0,3.387,100,158,88,0.5
908739773,0,0,1092.91,1098.0,3.387,100,158,88,0.5
908739774,0,0,1096.2,1098.0,3.284,100,158,88,0.5
908739775,0,0,1099.4,1098.0,3.2,100,158,89,0.5
908739776,0,0,1102.65,1098.0,3.2560000000000002,100,158,89,0.5
908739777,0,0,1105.91,1098.0,3.2560000000000002,100,158,89,0.5
908739778,0,0,1109.29,1098.0,3.378,100,158,89,0.5
908739779,0,0,1112.79,1098.0,3.4989999999999997,100,158,89,0.5
908739780,0,0,1116.38,1098.0,3.592,100,158,89,0.5
908739781,0,0,1120.03,1098.0,3.648,100,158,89,0.5
908739782,0,0,1123.71,1098.0,3.6860000000000004,100,158,89,0.5
908739783,0,0,1127.32,1098.0,3.611,100,158,89,0.5
908739784,0,0,1130.87,1098.0,3.5460000000000003,100,158,88,0.5
908739785,0,0,1134.34,1098.0,3.471,100,158,88,0.5
908739786,0,0,1137.89,1098.0,3.5460000000000003,100,158,88,0.5
908739787,0,0,1141.49,1098.0,3.602,100,158,88,0.5
908739788,0,0,1145.13,1098.0,3.639,100,158,89,0.5
908739789,0,0,1148.71,1098.0,3.583,100,158,89,0.5
908739790,0,0,1152.25,1098.0,3.536,100,158,89,0.5
908739791,0,0,1155.76,1098.0,3.508,100,158,89,0.5
908739792,0,0,1159.25,1098.0,3.4989999999999997,100,158,89,0.5
908739793,0,0,1162.73,1098.0,3.48,100,158,88,0.5
908739794,0,0,1166.11,1098.0,3.378,100,158,88,0.5
908739795,0,0,1169.4,1098.0,3.284,100,158,88,0.5
908739796,0,0,1172.71,1098.0,3.312,100,158,88,0.5
908739797,0,0,1175.93,1098.0,3.219,100,158,88,0.5
908739798,0,0,1179.18,1098.0,3.2560000000000002,100,158,88,0.5
908739799,0,0,1182.36,1098.0,3.1719999999999997,100,158,88,0.5
908739800,0,0,1185.48,1098.0,3.1260000000000003,100,158,88,0.5
908739801,0,0,1188.55,1098.0,3.07,100,158,88,0.5
908739802,0,0,1191.59,1098.0,3.032,100,158,88,0.5
908739803,0,0,1194.58,1098.0,2.995,100,158,88,0.5
908739804,0,0,1197.56,1098.0,2.9760000000000004,100,158,88,0.5
908739805,0,0,1200.52,1098.0,2.967,100,159,88,0.5
908739806,0,0,1203.48,1098.0,2.958,100,159,88,0.5
908739807,0,0,1206.43,1098.0,2.948,100,159,88,0.5
908739808,0,0,1209.37,1098.0,2.9389999999999996,100,159,88,0.5
908739809,0,0,1212.3,1098.0,2.93,100,159,88,0.5
908739810,0,0,1215.22,1098.0,2.9210000000000003,100,159,88,0.5
908739811,0,0,1218.12,1098.0,2.9019999999999997,100,159,88,0.5
908739812,0,0,1221.0,1098.0,2.8739999999999997,100,159,87,0.5
908739813,0,0,1223.87,1098.0,2.8739999999999997,100,159,87,0.5
908739814,0,0,1226.73,1098.0,2.855,100,159,87,0.5
908739815,0,0,1229.57,1098.0,2.846,100,159,87,0.5
908739816,0,0,1232.41,1098.0,2.8369999999999997,100,159,87,0.5
908739817,0,0,1235.25,1098.0,2.846,100,159,88,0.5
908739818,0,0,1238.16,1098.0,2.911,100,159,88,0.5
908739819,0,0,1241.14,1098.0,2.9760000000000004,100,159,87,0.5
908739820,0,0,1244.17,1098.0,3.032,100,159,87,0.5
908739821,0,0,1247.18,1098.0,3.0039999999999996,100,159,87,0.5
908739822,0,0,1250.15,1098.0,2.9760000000000004,100,159,87,0.5
908739823,0,0,1253.1,1098.0,2.948,100,159,87,0.5
908739824,0,0,1256.04,1098.0,2.9389999999999996,100,159,87,0.5
908739825,0,0,1258.96,1098.0,2.9210000000000003,100,159,87,0.5
908739826,0,0,1261.87,1098.0,2.911,100,159,87,0.5
908739827,0,0,1264.77,1098.0,2.8930000000000002,100,159,87,0.5
908739828,0,0,1267.64,1098.0,2.8739999999999997,100,159,87,0.5
908739829,0,0,1270.49,1098.0,2.855,100,159,87,0.5
908739830,0,0,1273.29,1098.0,2.799,100,159,87,0.5
908739831,0,0,1276.09,1098.0,2.799,100,159,87,0.5
908739832,0,0,1278.89,1098.0,2.799,100,159,87,0.5
908739833,0,0,1281.69,1098.0,2.799,100,159,88,0.5
908739834,0,0,1284.49,1098.0,2.799,100,159,88,0.5
908739835,0,0,1287.3,1098.0,2.8089999999999997,100,159,88,0.5
908739836,0,0,1290.12,1098.0,2.818,100,159,88,0.5
908739837,0,0,1292.91,1098.0,2.79,100,159,88,0.5
908739838,0,0,1295.68,1098.0,2.7710000000000004,100,159,89,0.5
908739839,0,0,1298.43,1098.0,2.753,100,159,89,0.5
908739840,0,0,1301.2,1098.0,2.7710000000000004,100,159,89,0.5
908739841,0,0,1303.99,1098.0,2.79,100,159,89,0.5
908739842,0,0,1306.9,1098.0,2.911,100,159,89,0.5
908739843,0,0,1309.91,1098.0,3.0039999999999996,100,159,89,0.5
908739844,0,0,1312.97,1098.0,3.06,100,159,89,0.5
908739845,0,0,1316.07,1098.0,3.0980000000000003,100,159,89,0.5
908739846,0,0,1319.22,1098.0,3.154,100,159,88,0.5
908739847,0,0,1322.45,1098.0,3.228,100,159,88,0.5
908739848,0,0,1325.56,1098.0,3.1069999999999998,100,159,87,0.5
908739849,0,0,1328.58,1098.0,3.023,100,159,87,0.5
908739850,0,0,1331.55,1098.0,2.9760000000000004,100,159,87,0.5
908739851,0,0,1334.5,1098.0,2.948,100,159,89,0.5
908739852,0,0,1337.43,1098.0,2.93,100,159,89,0.5
908739853,0,0,1340.34,1098.0,2.911,100,159,89,0.5
908739854,0,0,1343.26,1098.0,2.9210000000000003,100,159,89,0.5
908739855,0,0,1346.19,1098.0,2.93,100,159,89,0.5
908739856,0,0,1349.21,1098.0,3.014,100,159,89,0.5
908739857,0,0,1352.29,1098.0,3.0789999999999997,100,159,89,0.5
908739858,0,0,1355.39,1098.0,3.1069999999999998,100,159,89,0.5
908739859,0,0,1358.54,1098.0,3.1439999999999997,100,159,89,0.5
908739860,0,0,1361.72,1098.0,3.182,100,159,89,0.5
908739861,0,0,1364.96,1098.0,3.238,100,159,89,0.5
908739862,0,0,1368.22,1098.0,3.266,100,159,89,0.5
908739863,0,0,1371.52,1098.0,3.2939999999999996,100,159,89,0.5
908739864,0,0,1374.75,1098.0,3.228,100,159,88,0.5
908739865,0,0,1377.91,1098.0,3.1630000000000003,100,159,88,0.5
908739866,0,0,1381.01,1098.0,3.0980000000000003,100,159,87,0.5
908739867,0,0,1384.05,1098.0,3.042,100,159,87,0.5
908739868,0,0,1387.02,1098.0,2.967,100,159,87,0.5
908739869,0,0,1389.91,1098.0,2.8930000000000002,100,159,88,0.5
908739870,0,0,1392.75,1098.0,2.846,100,159,88,0.5
908739871,0,0,1395.59,1098.0,2.8369999999999997,100,159,88,0.5
908739872,0,0,1398.43,1098.0,2.8369999999999997,100,159,88,0.5
908739873,0,0,1401.27,1098.0,2.846,100,159,88,0.5
908739874,0,0,1404.13,1098.0,2.855,100,159,88,0.5
908739875,0,0,1406.99,1098.0,2.855,100,159,88,0.5
908739876,0,0,1409.84,1098.0,2.855,100,159,88,0.5
908739877,0,0,1412.7,1098.0,2.855,100,159,88,0.5
908739878,0,0,1415.55,1098.0,2.855,100,159,88,0.5
908739879,0,0,1418.4,1098.0,2.846,100,159,88,0.5
908739880,0,0,1421.23,1098.0,2.8369999999999997,100,159,87,0.5
908739881,0,0,1424.07,1098.0,2.8369999999999997,100,159,87,0.5
908739882,0,0,1426.9,1098.0,2.8369999999999997,100,159,87,0.5
908739883,0,0,1429.79,1098.0,2.883,100,159,87,0.5
908739884,0,0,1432.72,1098.0,2.93,100,159,87,0.5
908739885,0,0,1435.7,1098.0,2.9760000000000004,100,159,88,0.5
908739886,0,0,1438.73,1098.0,3.032,100,159,88,0.5
908739887,0,0,1441.82,1098.0,3.0980000000000003,100,159,88,0.5
908739888,0,0,1445.0,1098.0,3.1719999999999997,100,159,88,0.5
908739889,0,0,1448.1,1098.0,3.1069999999999998,100,159,88,0.5
908739890,0,0,1451.17,1098.0,3.07,100,159,88,0.5
908739891,0,0,1454.21,1098.0,3.032,100,159,88,0.5
908739892,0,0,1457.29,1098.0,3.088,100,159,88,0.5
908739893,0,0,1460.42,1098.0,3.1260000000000003,100,159,88,0.5
908739894,0,0,1463.55,1098.0,3.1260000000000003,100,159,88,0.5
908739895,0,0,1466.69,1098.0,3.1439999999999997,100,159,88,0.5
908739896,0,0,1469.84,1098.0,3.154,100,160,88,0.5
908739897,0,0,1473.0,1098.0,3.154,100,160,88,0.5
908739898,0,0,1476.15,1098.0,3.154,100,160,87,0.5
908739899,0,0,1479.32,1098.0,3.1630000000000003,100,160,87,0.5
908739900,0,0,1482.48,1098.0,3.1630000000000003,100,160,87,0.5
908739901,0,0,1485.65,1098.0,3.1719999999999997,100,160,88,0.5
908739902,0,0,1488.82,1098.0,3.1719999999999997,100,160,88,0.5
908739903,0,0,1492.02,1098.0,3.2,100,160,88,0.5
908739904,0,0,1495.26,1098.0,3.238,100,160,89,0.5
908739905,0,0,1498.51,1098.0,3.247,100,160,89,0.5
908739906,0,0,1501.76,1098.0,3.247,100,160,89,0.5
908739907,0,0,1505.0,1098.0,3.247,100,160,89,0.5
908739908,0,0,1508.25,1098.0,3.247,100,160,89,0.5
908739909,0,0,1511.49,1098.0,3.238,100,160,88,0.5
908739910,0,0,1514.77,1098.0,3.284,100,160,88,0.5
908739911,0,0,1518.06,1098.0,3.284,100,160,88,0.5
908739912,0,0,1521.35,1098.0,3.2939999999999996,100,160,88,0.5
908739913,0,0,1524.6,1098.0,3.247,100,160,88,0.5
908739914,0,0,1527.78,1098.0,3.182,100,160,88,0.5
908739915,0,0,1530.82,1098.0,3.042,100,160,88,0.5
908739916,0,0,1533.78,1098.0,2.958,100,160,87,0.5
908739917,0,0,1536.69,1098.0,2.911,100,160,87,0.5
908739918,0,0,1539.59,1098.0,2.9019999999999997,100,160,87,0.5
908739919,0,0,1542.5,1098.0,2.911,100,160,88,0.5
908739920,0,0,1545.4,1098.0,2.8930000000000002,100,160,88,0.5
908739921,0,0,1548.28,1098.0,2.883,100,160,88,0.5
908739922,0,0,1551.12,1098.0,2.8369999999999997,100,160,88,0.5
908739923,0,0,1553.94,1098.0,2.827,100,160,87,0.5
908739924,0,0,1556.9,1098.0,2.958,100,160,87,0.5
908739925,0,0,1559.96,1098.0,3.06,100,160,87,0.5
908739926,0,0,1563.12,1098.0,3.1630000000000003,100,160,87,0.5
908739927,0,0,1566.23,1098.0,3.1069999999999998,100,160,88,0.5
908739928,0,0,1569.28,1098.0,3.051,100,160,87,0.5
908739929,0,0,1572.31,1098.0,3.023,100,160,88,0.5
908739930,0,0,1575.31,1098.0,3.0039999999999996,100,160,88,0.5
908739931,0,0,1578.3,1098.0,2.986,100,160,88,0.5
908739932,0,0,1581.27,1098.0,2.9760000000000004,100,160,88,0.5
908739933,0,0,1584.23,1098.0,2.958,100,160,88,0.5
908739934,0,0,1587.17,1098.0,2.9389999999999996,100,160,88,0.5
908739935,0,0,1590.08,1098.0,2.911,100,160,87,0.5
908739936,0,0,1592.98,1098.0,2.9019999999999997,100,160,87,0.5
908739937,0,0,1595.87,1098.0,2.883,100,160,87,0.5
908739938,0,0,1598.74,1098.0,2.8739999999999997,100,160,87,0.5
908739939,0,0,1601.6,1098.0,2.865,100,160,88,0.5
908739940,0,0,1604.47,1098.0,2.865,100,160,88,0.5
908739941,0,0,1607.41,1098.0,2.865,100,160,88,0.5
908739942,0,0,1610.21,1098.0,2.8739999999999997,100,160,88,0.5
908739943,0,0,1613.14,1098.0,2.93,100,160,88,0.5
908739944,0,0,1616.12,1098.0,2.986,100,160,88,0.5
908739945,0,0,1619.1,1098.0,2.9760000000000004,100,160,88,0.5
908739946,0,0,1622.06,1098.0,2.958,100,160,88,0.5
908739947,0,0,1625.0,1098.0,2.948,100,160,87,0.5
908739948,0,0,1627.93,1098.0,2.9210000000000003,100,160,87,0.5
908739949,0,0,1630.82,1098.0,2.8930000000000002,100,160,87,0.5
908739950,0,0,1633.69,1098.0,2.8739999999999997,100,160,87,0.5
908739951,0,0,1636.57,1098.0,2.8739999999999997,100,160,87,0.5
908739952,0,0,1639.44,1098.0,2.8739999999999997,100,160,87,0.5
908739953,0,0,1642.36,1098.0,2.9210000000000003,100,160,87,0.5
908739954,0,0,1645.33,1098.0,2.967,100,160,87,0.5
908739955,0,0,1648.28,1098.0,2.958,100,160,87,0.5
908739956,0,0,1651.24,1098.0,2.958,100,160,87,0.5
908739957,0,0,1654.18,1098.0,2.9389999999999996,100,160,87,0.5
908739958,0,0,1657.11,1098.0,2.93,100,160,87,0.5
908739959,0,0,1660.02,1098.0,2.911,100,160,87,0.5
908739960,0,0,1662.92,1098.0,2.9019999999999997,100,160,87,0.5
908739961,0,0,1665.89,1098.0,2.967,100,160,87,0.5
908739962,0,0,1668.91,1098.0,3.014,100,160,87,0.5
908739963,0,0,1671.95,1098.0,3.042,100,160,87,0.5
908739964,0,0,1675.0,1098.0,3.051,100,160,87,0.5
908739965,0,0,1678.08,1098.0,3.0789999999999997,100,160,87,0.5
908739966,0,0,1681.21,1098.0,3.1260000000000003,100,160,88,0.5
908739967,0,0,1684.3,1098.0,3.0980000000000003,100,160,88,0.5
908739968,0,0,1687.37,1098.0,3.07,100,160,88,0.5
908739969,0,0,1690.49,1098.0,3.116,100,160,87,0.5
908739970,0,0,1693.64,1098.0,3.154,100,160,87,0.5
908739971,0,0,1696.82,1098.0,3.182,100,160,87,0.5
908739972,0,0,1700.02,1098.0,3.2,100,160,87,0.5
908739973,0,0,1703.25,1098.0,3.228,100,160,87,0.5
908739974,0,0,1706.49,1098.0,3.238,100,160,87,0.5
908739975,0,0,1709.76,1098.0,3.266,100,160,87,0.5
908739976,0,0,1712.97,1098.0,3.219,100,160,87,0.5
908739977,0,0,1716.15,1098.0,3.1719999999999997,100,160,87,0.5
908739978,0,0,1719.29,1098.0,3.1439999999999997,100,160,87,0.5
908739979,0,0,1722.41,1098.0,3.116,100,160,87,0.5
908739980,0,0,1725.48,1098.0,3.07,100,160,88,0.5
908739981,0,0,1728.49,1098.0,3.014,100,160,88,0.5
908739982,0,0,1731.44,1098.0,2.948,100,160,88,0.5
908739983,0,0,1734.36,1098.0,2.9210000000000003,100,160,88,0.5
908739984,0,0,1737.26,1098.0,2.9019999999999997,100,160,88,0.5
908739985,0,0,1740.16,1098.0,2.9019999999999997,100,160,87,0.5
908739986,0,0,1743.06,1098.0,2.8930000000000002,100,161,87,0.5
908739987,0,0,1745.95,1098.0,2.8930000000000002,100,161,87,0.5
908739988,0,0,1748.9,1098.0,2.948,100,161,87,0.5
908739989,0,0,1751.89,1098.0,2.995,100,161,87,0.5
908739990,0,0,1754.94,1098.0,3.051,100,161,87,0.5
908739991,0,0,1758.0,1098.0,3.06,100,161,86,0.5
908739992,0,0,1761.09,1098.0,3.088,100,161,86,0.5
908739993,0,0,1764.46,1098.0,3.3680000000000003,100,161,88,0.5
908739994,0,0,1767.78,1098.0,3.322,100,161,88,0.5
908739995,0,0,1771.09,1098.0,3.303,100,161,88,0.5
908739996,0,0,1774.35,1098.0,3.266,100,161,88,0.5
908739997,0,0,1777.6,1098.0,3.247,100,161,87,0.5
908739998,0,0,1780.97,1098.0,3.3680000000000003,100,161,87,0.5
908739999,0,0,1784.29,1098.0,3.322,100,161,87,0.5
908740000,0,0,1787.59,1098.0,3.2939999999999996,100,161,87,0.5
908740001,0,0,1790.79,1098.0,3.21,100,161,87,0.5
908740002,0,0,1793.9,1098.0,3.1069999999999998,100,161,87,0.5
908740003,0,0,1796.89,1098.0,2.986,100,161,87,0.5
908740004,0,0,1799.81,1098.0,2.9210000000000003,100,161,88,0.5
908740005,0,0,1802.69,1098.0,2.883,100,161,88,0.5
908740006,0,0,1805.55,1098.0,2.865,100,161,87,0.5
908740007,0,0,1808.41,1098.0,2.855,100,161,87,0.5
908740008,0,0,1811.26,1098.0,2.855,100,161,87,0.5
908740009,0,0,1814.09,1098.0,2.827,100,161,87,0.5
908740010,0,0,1816.92,1098.0,2.827,100,161,88,0.5
908740011,0,0,1819.75,1098.0,2.827,100,161,88,0.5
908740012,0,0,1822.57,1098.0,2.827,100,161,88,0.5
908740013,0,0,1825.4,1098.0,2.827,100,161,88,0.5
908740014,0,0,1828.23,1098.0,2.827,100,161,88,0.5
908740015,0,0,1831.05,1098.0,2.827,100,161,88,0.5
908740016,0,0,1833.88,1098.0,2.827,100,161,88,0.5
908740017,0,0,1836.72,1098.0,2.8369999999999997,100,161,88,0.5
908740018,0,0,1839.57,1098.0,2.855,100,161,88,0.5
908740019,0,0,1842.43,1098.0,2.855,100,161,88,0.5
908740020,0,0,1845.28,1098.0,2.855,100,161,88,0.5
908740021,0,0,1848.13,1098.0,2.846,100,161,87,0.5
908740022,0,0,1850.97,1098.0,2.8369999999999997,100,161,87,0.5
908740023,0,0,1853.8,1098.0,2.827,100,161,87,0.5
908740024,0,0,1856.62,1098.0,2.827,100,161,87,0.5
908740025,0,0,1859.46,1098.0,2.8369999999999997,100,161,87,0.5
908740026,0,0,1862.35,1098.0,2.8930000000000002,100,161,87,0.5
908740027,0,0,1865.3,1098.0,2.948,100,161,87,0.5
908740028,0,0,1868.24,1098.0,2.9389999999999996,100,161,87,0.5
908740029,0,0,1871.18,1098.0,2.9389999999999996,100,161,87,0.5
908740030,0,0,1874.11,1098.0,2.93,100,161,87,0.5
908740031,0,0,1877.03,1098.0,2.9210000000000003,100,161,86,0.5
908740032,0,0,1879.94,1098.0,2.911,100,161,86,0.5
908740033,0,0,1882.84,1098.0,2.9019999999999997,100,161,86,0.5
908740034,0,0,1885.72,1098.0,2.883,100,161,86,0.5
908740035,0,0,1888.6,1098.0,2.8739999999999997,100,161,88,0.5
908740036,0,0,1891.46,1098.0,2.865,100,161,88,0.5
908740037,0,0,1894.33,1098.0,2.865,100,161,88,0.5
908740038,0,0,1897.19,1098.0,2.865,100,161,88,0.5
908740039,0,0,1900.06,1098.0,2.8739999999999997,100,161,88,0.5
908740040,0,0,1902.93,1098.0,2.865,100,161,87,0.5
908740041,0,0,1905.76,1098.0,2.827,100,161,87,0.5
908740042,0,0,1908.54,1098.0,2.781,100,161,87,0.5
908740043,0,0,1911.27,1098.0,2.734,100,161,87,0.5
908740044,0,0,1914.01,1098.0,2.7430000000000003,100,161,87,0.5
908740045,0,0,1916.79,1098.0,2.781,100,161,88,0.5
908740046,0,0,1919.6,1098.0,2.8089999999999997,100,161,88,0.5
908740047,0,0,1922.42,1098.0,2.818,100,161,88,0.5
908740048,0,0,1925.24,1098.0,2.818,100,161,87,0.5
908740049,0,0,1928.07,1098.0,2.827,100,161,87,0.5
908740050,0,0,1930.9,1098.0,2.8369999999999997,100,161,87,0.5
908740051,0,0,1933.74,1098.0,2.8369999999999997,100,161,87,0.5
908740052,0,0,1936.58,1098.0,2.8369999999999997,100,161,87,0.5
908740053,0,0,1939.4,1098.0,2.827,100,161,87,0.5
908740054,0,0,1942.22,1098.0,2.818,100,161,87,0.5
908740055,0,0,1945.05,1098.0,2.827,100,161,88,0.5
908740056,0,0,1947.87,1098.0,2.827,100,161,88,0.5
908740057,0,0,1950.71,1098.0,2.8369999999999997,100,161,88,0.5
908740058,0,0,1953.54,1098.0,2.827,100,161,88,0.5
908740059,0,0,1956.38,1098.0,2.8369999999999997,100,161,88,0.5
908740060,0,0,1959.27,1098.0,2.8930000000000002,100,161,87,0.5
908740061,0,0,1962.22,1098.0,2.948,100,161,87,0.5
908740062,0,0,1965.24,1098.0,3.023,100,161,87,0.5
908740063,0,0,1968.22,1098.0,2.986,100,161,87,0.5
908740064,0,0,1971.19,1098.0,2.967,100,161,87,0.5
908740065,0,0,1974.22,1098.0,3.032,100,161,87,0.5
908740066,0,0,1977.3,1098.0,3.0789999999999997,100,161,87,0.5
908740067,0,0,1980.43,1098.0,3.1260000000000003,100,161,87,0.5
908740068,0,0,1983.59,1098.0,3.1630000000000003,100,161,87,0.5
908740069,0,0,1986.68,1098.0,3.088,100,161,87,0.5
908740070,0,0,1989.72,1098.0,3.042,100,161,87,0.5
908740071,0,0,1992.71,1098.0,2.986,100,161,87,0.5
908740072,0,0,1995.68,1098.0,2.967,100,161,87,0.5
908740073,0,0,1998.62,1098.0,2.948,100,161,87,0.5
908740074,0,0,2001.56,1098.0,2.9389999999999996,100,161,87,0.5
908740075,0,0,2004.49,1098.0,2.93,100,161,87,0.5
908740076,0,0,2007.41,1098.0,2.9210000000000003,100,162,87,0.5
908740077,0,0,2010.32,1098.0,2.911,100,162,87,0.5
908740078,0,0,2013.13,1098.0,2.799,100,162,87,0.5
908740079,0,0,2015.62,1098.0,2.491,100,162,86,0.5
908740080,0,0,2017.81,1098.0,2.193,100,162,86,0.5
908740081,0,0,2019.95,1098.0,2.146,100,162,86,0.5
908740082,0,0,2022.3,1098.0,2.342,100,162,87,0.5
908740083,0,0,2024.67,1098.0,2.37,100,162,88,0.5
908740084,0,0,2027.06,1098.0,2.398,100,162,88,0.5
908740085,0,0,2029.47,1098.0,2.407,100,162,88,0.5
908740086,0,0,2031.97,1098.0,2.501,100,162,88,0.5
908740087,0,0,2034.58,1098.0,2.603,100,162,88,0.5
908740088,0,0,2037.25,1098.0,2.6689999999999996,100,162,88,0.5
908740089,0,0,2040.04,1098.0,2.799,100,162,89,0.5
908740090,0,0,2042.91,1098.0,2.865,100,162,89,0.5
908740091,0,0,2045.77,1098.0,2.865,100,162,88,0.5
908740092,0,0,2048.65,1098.0,2.8739999999999997,100,162,88,0.5
908740093,0,0,2051.5,1098.0,2.855,100,162,88,0.5
908740094,0,0,2054.36,1098.0,2.855,100,162,87,0.5
908740095,0,0,2057.2,1098.0,2.846,100,162,87,0.5
908740096,0,0,2060.09,1098.0,2.883,100,162,88,0.5
908740097,0,0,2063.13,1098.0,3.042,100,162,88,0.5
908740098,0,0,2066.24,1098.0,3.116,100,162,88,0.5
908740099,0,0,2069.41,1098.0,3.1630000000000003,100,162,88,0.5
908740100,0,0,2072.6,1098.0,3.1910000000000003,100,162,87,0.5
908740101,0,0,2075.79,1098.0,3.1910000000000003,100,162,87,0.5
908740102,0,0,2079.01,1098.0,3.219,100,162,87,0.5
908740103,0,0,2082.25,1098.0,3.238,100,162,87,0.5
908740104,0,0,2085.42,1098.0,3.1719999999999997,100,162,87,0.5
908740105,0,0,2088.63,1098.0,3.21,100,162,87,0.5
908740106,0,0,2091.79,1098.0,3.1630000000000003,100,162,87,0.5
908740107,0,0,2094.93,1098.0,3.135,100,162,88,0.5
908740108,0,0,2098.08,1098.0,3.154,100,162,88,0.5
908740109,0,0,2101.3,1098.0,3.219,100,162,88,0.5
908740110,0,0,2104.59,1098.0,3.2939999999999996,100,162,87,0.5
908740111,0,0,2107.88,1098.0,3.284,100,162,87,0.5
908740112,0,0,2111.14,1098.0,3.266,100,162,86,0.5
908740113,0,0,2114.41,1098.0,3.266,100,162,86,0.5
908740114,0,0,2117.67,1098.0,3.266,100,162,87,0.5
908740115,0,0,2120.94,1098.0,3.266,100,162,87,0.5
908740116,0,0,2124.29,1098.0,3.35,100,162,87,0.5
908740117,0,0,2127.6,1098.0,3.312,100,162,87,0.5
908740118,0,0,2130.92,1098.0,3.322,100,162,87,0.5
908740119,0,0,2134.12,1098.0,3.1910000000000003,100,162,87,0.5
908740120,0,0,2137.18,1098.0,3.06,100,162,87,0.5
908740121,0,0,2140.16,1098.0,2.986,100,162,86,0.5
908740122,0,0,2143.09,1098.0,2.9210000000000003,100,162,87,0.5
908740123,0,0,2145.97,1098.0,2.883,100,162,87,0.5
908740124,0,0,2148.79,1098.0,2.827,100,162,87,0.5
908740125,0,0,2151.62,1098.0,2.827,100,162,87,0.5
908740126,0,0,2154.62,1098.0,2.995,100,162,88,0.5
908740127,0,0,2157.68,1098.0,3.07,100,162,88,0.5
908740128,0,0,2160.81,1098.0,3.1260000000000003,100,162,88,0.5
908740129,0,0,2163.98,1098.0,3.1719999999999997,100,162,87,0.5
908740130,0,0,2167.19,1098.0,3.21,100,162,87,0.5
908740131,0,0,2170.35,1098.0,3.154,100,162,86,0.5
908740132,0,0,2173.44,1098.0,3.0980000000000003,100,162,86,0.5
908740133,0,0,2176.5,1098.0,3.051,100,162,86,0.5
908740134,0,0,2179.51,1098.0,3.014,100,162,86,0.5
908740135,0,0,2182.58,1098.0,3.07,100,162,86,0.5
908740136,0,0,2185.67,1098.0,3.088,100,162,86,0.5
908740137,0,0,2188.77,1098.0,3.1069999999999998,100,162,87,0.5
908740138,0,0,2191.91,1098.0,3.135,100,162,87,0.5
908740139,0,0,2195.05,1098.0,3.1439999999999997,100,162,86,0.0
908740140,0,0,2198.22,1098.0,3.1630000000000003,100,162,86,0.0
908740141,0,0,2201.34,1098.0,3.1260000000000003,100,162,86,0.0
908740142,0,0,2204.43,1098.0,3.088,100,162,86,0.5
908740143,0,0,2207.5,1098.0,3.07,100,162,86,0.5
908740144,0,0,2210.6,1098.0,3.0980000000000003,100,162,88,0.5
908740145,0,0,2213.73,1098.0,3.1260000000000003,100,162,88,0.5
908740146,0,0,2216.87,1098.0,3.1439999999999997,100,162,87,0.5
908740147,0,0,2219.98,1098.0,3.1069999999999998,100,162,87,0.5
908740148,0,0,2223.03,1098.0,3.051,100,162,86,0.5
908740149,0,0,2226.03,1098.0,3.0039999999999996,100,162,86,0.5
908740150,0,0,2229.01,1098.0,2.9760000000000004,100,162,86,0.5
908740151,0,0,2232.04,1098.0,3.032,100,162,86,0.5
908740152,0,0,2235.12,1098.0,3.0789999999999997,100,162,87,0.5
908740153,0,0,2238.24,1098.0,3.116,100,162,87,0.5
908740154,0,0,2241.4,1098.0,3.1630000000000003,100,162,87,0.5
908740155,0,0,2244.59,1098.0,3.1910000000000003,100,162,87,0.5
908740156,0,0,2247.73,1098.0,3.135,100,162,86,0.5
908740157,0,0,2250.81,1098.0,3.088,100,162,86,0.5
908740158,0,0,2253.86,1098.0,3.042,100,162,86,0.5
908740159,0,0,2256.87,1098.0,3.014,100,162,86,0.5
908740160,0,0,2259.86,1098.0,2.986,100,162,87,0.5
908740161,0,0,2262.82,1098.0,2.967,100,162,87,0.5
908740162,0,0,2265.75,1098.0,2.93,100,162,87,0.5
908740163,0,0,2268.61,1098.0,2.855,100,162,87,0.0
908740164,0,0,2271.38,1098.0,2.7710000000000004,100,162,87,0.0
908740165,0,0,2274.11,1098.0,2.734,100,162,86,0.0
908740166,0,0,2276.86,1098.0,2.7430000000000003,100,163,86,0.0
908740167,0,0,2279.61,1098.0,2.753,100,163,86,0.0
908740168,0,0,2282.38,1098.0,2.7710000000000004,100,163,86,0.0
908740169,0,0,2285.16,1098.0,2.781,100,163,86,0.0
908740170,0,0,2287.94,1098.0,2.781,100,163,86,0.5
908740171,0,0,2290.72,1098.0,2.781,100,163,87,0.5
908740172,0,0,2293.5,1098.0,2.781,100,163,86,0.5
908740173,0,0,2296.29,1098.0,2.79,100,163,86,0.5
908740174,0,0,2299.1,1098.0,2.8089999999999997,100,163,86,0.5
908740175,0,0,2302.06,1098.0,2.958,100,163,87,0.0
908740176,0,0,2305.1,1098.0,3.042,100,163,87,0.0
908740177,0,0,2308.21,1098.0,3.1069999999999998,100,163,87,0.0
908740178,0,0,2311.25,1098.0,3.042,100,163,86,0.0
908740179,0,0,2314.24,1098.0,2.995,100,163,86,0.0
908740180,0,0,2317.21,1098.0,2.958,100,163,86,0.5
908740181,0,0,2320.23,1098.0,3.023,100,163,86,0.5
908740182,0,0,2323.3,1098.0,3.07,100,163,86,0.5
908740183,0,0,2326.4,1098.0,3.1069999999999998,100,163,87,0.5
908740184,0,0,2329.48,1098.0,3.0789999999999997,100,163,87,0.5
908740185,0,0,2332.53,1098.0,3.051,100,163,86,0.0
908740186,0,0,2335.6,1098.0,3.07,100,163,86,0.0
908740187,0,0,2338.69,1098.0,3.088,100,163,86,0.5
908740188,0,0,2341.81,1098.0,3.116,100,163,86,0.5
908740189,0,0,2344.95,1098.0,3.1439999999999997,100,163,86,0.5
908740190,0,0,2348.13,1098.0,3.182,100,163,87,0.5
908740191,0,0,2351.33,1098.0,3.2,100,163,87,0.5
908740192,0,0,2354.47,1098.0,3.135,100,163,87,0.5
908740193,0,0,2357.53,1098.0,3.06,100,163,87,0.5
908740194,0,0,2360.53,1098.0,3.0039999999999996,100,163,87,0.5
908740195,0,0,2363.6,1098.0,3.07,100,163,87,0.5
908740196,0,0,2366.7,1098.0,3.0980000000000003,100,163,87,0.5
908740197,0,0,2369.82,1098.0,3.116,100,163,87,0.5
908740198,0,0,2372.96,1098.0,3.1439999999999997,100,163,87,0.5
908740199,0,0,2376.13,1098.0,3.1630000000000003,100,163,87,0.5
908740200,0,0,2379.25,1098.0,3.1260000000000003,100,163,87,0.5
908740201,0,0,2382.34,1098.0,3.088,100,163,87,0.5
908740202,0,0,2385.39,1098.0,3.051,100,163,87,0.5
908740203,0,0,2388.41,1098.0,3.023,100,163,87,0.5
908740204,0,0,2391.42,1098.0,3.0039999999999996,100,163,87,0.5
908740205,0,0,2394.32,1098.0,2.9019999999999997,100,163,87,0.5
908740206,0,0,2396.95,1098.0,2.6310000000000002,100,163,87,0.5
908740207,0,0,2399.19,1098.0,2.239,100,163,87,0.5
908740208,0,0,2401.5,1098.0,2.305,100,163,87,0.5
908740209,0,0,2403.95,1098.0,2.454,100,163,87,0.5
908740210,0,0,2406.66,1098.0,2.7060000000000004,100,163,88,0.5
908740211,0,0,2409.72,1098.0,3.06,100,163,88,0.5
908740212,0,0,2412.81,1098.0,3.0980000000000003,100,163,88,0.5
908740213,0,0,2415.96,1098.0,3.1439999999999997,100,163,87,0.5
908740214,0,0,2419.16,1098.0,3.2,100,163,87,0.5
908740215,0,0,2422.41,1098.0,3.247,100,163,87,0.5
908740216,0,0,2425.66,1098.0,3.2560000000000002,100,163,87,0.5
908740217,0,0,2428.86,1098.0,3.1910000000000003,100,163,87,0.5
908740218,0,0,2432.4,1098.0,3.5460000000000003,100,163,87,0.5
908740219,0,0,2435.75,1098.0,3.35,100,163,87,0.5
908740220,0,0,2439.04,1098.0,3.2939999999999996,100,163,87,0.5
908740221,0,0,2442.34,1098.0,3.2939999999999996,100,163,87,0.5
908740222,0,0,2445.53,1098.0,3.1910000000000003,100,163,87,0.5
908740223,0,0,2448.64,1098.0,3.1069999999999998,100,163,86,0.5
908740224,0,0,2451.79,1098.0,3.154,100,163,86,0.5
908740225,0,0,2454.94,1098.0,3.154,100,163,86,0.5
908740226,0,0,2458.19,1098.0,3.247,100,163,86,0.5
908740227,0,0,2461.51,1098.0,3.322,100,163,87,0.5
908740228,0,0,2464.81,1098.0,3.2939999999999996,100,163,87,0.5
908740229,0,0,2468.1,1098.0,3.2939999999999996,100,163,87,0.5
908740230,0,0,2471.4,1098.0,3.303,100,163,87,0.5
908740231,0,0,2474.71,1098.0,3.312,100,163,87,0.5
908740232,0,0,2478.02,1098.0,3.303,100,163,87,0.5
908740233,0,0,2481.29,1098.0,3.275,100,163,87,0.5
908740234,0,0,2484.56,1098.0,3.266,100,163,87,0.5
908740235,0,0,2487.73,1098.0,3.1719999999999997,100,163,87,0.5
908740236,0,0,2490.66,1098.0,2.93,100,163,87,0.0
908740237,0,0,2493.07,1098.0,2.407,100,163,87,0.0
908740238,0,0,2495.22,1098.0,2.155,100,163,87,0.0
